{
  "best_epoch": 0,
  "peak_worker_0_memory_MB": 0,
  "training_duration": "0:00:09.626618",
  "epoch": 0,
  "training_accuracy": 0.770625,
  "training_loss": 0.48477514399215577,
  "training_worker_0_memory_MB": 0.0,
  "validation_accuracy": 0.83,
  "validation_loss": 0.3963221609592438,
  "best_validation_accuracy": 0.83,
  "best_validation_loss": 0.3963221609592438
}