{
  "best_epoch": 0,
  "peak_worker_0_memory_MB": 0,
  "training_duration": "0:00:20.345840",
  "epoch": 1,
  "training_accuracy": 0.993125,
  "training_loss": 0.05252553282771259,
  "training_worker_0_memory_MB": 0.0,
  "validation_accuracy": 0.82,
  "validation_loss": 0.4539445382356644,
  "best_validation_accuracy": 0.83,
  "best_validation_loss": 0.3963221609592438
}